 ,Australia,Belgium,Canada,Switzerland,Germany,Denmark,Spain,Finland,France,UK,Ireland,Italy,Japan,S. Korea,Luxembourg,Netherlands,Norway,New Zealand,Sweden,US,S. Africa,Croatia,Israel,Slovenia,Colombia,Portugal,,Aggregate - 2005 Fixed Weights,Aggregate - Dynamic Weights
,,,,,,,,,,,,,,,,,,,,,,,,,,,,,
1975:Q1,14.37,22.40,19.73,37.29,31.84,19.25,7.01,13.23,17.10,9.51,7.73,6.34,36.32,2.24,11.88,30.41,11.23,11.09,14.40,18.49,3.48,0.00,0.00,0.00,0.36,2.53,,18.96,19.34
1975:Q2,14.68,23.68,20.39,37.25,32.62,20.09,7.23,13.61,17.58,9.69,7.96,6.70,37.31,2.45,12.03,31.63,11.80,11.46,14.89,19.49,3.74,0.00,0.00,0.00,0.37,2.57,,19.69,20.05
1975:Q3,15.04,24.84,21.26,37.26,33.23,20.91,7.49,13.97,18.24,10.18,8.21,7.07,38.47,2.65,12.48,32.76,12.34,11.82,15.37,19.46,3.78,0.00,0.00,0.00,0.39,2.65,,20.06,20.45
1975:Q4,15.48,25.86,21.66,37.30,33.69,21.69,7.79,14.33,18.91,10.49,8.49,7.45,39.73,2.86,13.17,33.81,12.89,12.18,15.86,19.84,4.00,0.00,0.00,0.00,0.41,2.74,,20.57,20.97
1976:Q1,15.88,26.76,22.17,37.37,33.99,22.46,8.14,14.68,19.16,11.06,8.81,7.83,41.08,3.06,13.98,34.77,13.41,12.54,16.35,20.21,3.97,0.00,0.00,0.00,0.43,2.87,,21.06,21.43
1976:Q2,16.39,27.54,23.08,37.49,34.37,23.19,8.52,15.03,19.62,11.18,9.15,8.23,42.23,3.26,14.72,35.67,13.94,12.89,16.83,20.40,3.99,0.00,0.00,0.00,0.46,3.02,,21.47,21.85
1976:Q3,17.21,28.18,22.63,37.64,34.82,23.90,8.94,15.38,20.30,11.85,9.52,8.63,43.25,3.45,15.25,36.48,14.44,13.23,17.31,20.77,3.97,0.00,0.00,0.00,0.49,3.20,,21.94,22.32
1976:Q4,17.68,28.71,23.57,37.83,35.32,24.59,9.41,15.72,20.86,12.13,9.93,9.04,44.23,3.65,15.50,37.23,14.94,13.57,17.78,21.14,4.15,0.00,0.00,0.00,0.52,3.40,,22.42,22.81
1977:Q1,18.01,28.75,23.84,38.08,35.86,25.19,9.97,15.94,21.24,12.33,10.40,9.47,45.03,3.75,15.62,37.72,15.44,13.80,18.22,21.48,4.71,0.00,0.00,0.00,0.57,3.68,,22.82,23.24
1977:Q2,18.30,29.17,24.67,38.33,36.39,25.84,10.49,16.32,21.85,12.63,10.84,9.89,45.83,3.98,15.78,38.39,15.91,14.17,18.70,21.95,4.57,0.00,0.00,0.00,0.61,3.92,,23.32,23.73
1977:Q3,18.52,29.60,24.81,38.62,36.91,26.49,11.02,16.76,22.52,13.09,11.28,10.30,46.69,4.25,16.04,39.04,16.37,14.57,19.19,22.47,4.56,0.00,0.01,0.00,0.64,4.16,,23.83,24.25
1977:Q4,19.05,30.06,25.44,38.93,37.41,27.14,11.57,17.23,23.28,13.86,11.71,10.71,47.72,4.55,16.34,39.70,16.82,15.00,19.70,23.13,4.62,0.00,0.01,0.00,0.68,4.40,,24.46,24.87
1978:Q1,19.65,30.57,26.73,39.30,37.88,27.79,12.23,17.75,24.18,14.28,12.14,10.99,48.87,4.97,16.74,40.40,17.37,15.40,20.30,23.59,4.92,0.00,0.01,0.00,0.70,4.60,,25.05,25.45
1978:Q2,20.07,31.05,26.92,39.66,38.45,28.42,12.77,18.31,24.96,14.95,12.59,11.45,49.56,5.30,17.14,41.02,17.74,15.92,20.80,24.22,4.44,0.00,0.01,0.00,0.74,4.88,,25.61,26.01
1978:Q3,20.73,31.53,27.34,40.05,39.10,29.04,13.29,18.91,25.78,15.61,13.04,11.96,50.36,5.62,17.43,41.60,18.06,16.52,21.28,24.73,4.94,0.00,0.01,0.00,0.78,5.18,,26.18,26.58
1978:Q4,21.20,32.01,28.12,40.46,39.86,29.65,13.78,19.55,26.55,16.09,13.51,12.52,51.05,5.93,17.73,42.15,18.32,17.19,21.73,25.24,5.00,0.00,0.01,0.00,0.83,5.52,,26.73,27.14
1979:Q1,21.78,32.24,28.59,40.85,40.71,30.22,14.20,20.24,27.09,16.78,13.96,13.12,51.73,6.28,18.07,43.28,18.14,18.08,21.91,25.91,5.47,0.00,0.01,0.00,0.88,5.91,,27.35,27.78
1979:Q2,22.15,32.82,29.99,41.31,41.49,30.81,14.68,20.96,27.56,17.40,14.45,13.80,52.14,6.56,18.55,43.51,18.43,18.80,22.42,26.27,5.39,0.00,0.01,0.00,0.94,6.28,,27.82,28.26
1979:Q3,22.51,33.50,30.24,41.81,42.20,31.41,15.15,21.70,28.38,18.57,14.94,14.54,52.96,6.83,19.11,43.48,18.83,19.49,23.01,26.92,5.38,0.00,0.01,0.00,1.00,6.67,,28.46,28.91
1979:Q4,23.02,34.27,31.24,42.33,42.85,32.01,15.62,22.49,29.12,20.26,15.40,15.34,54.02,7.09,19.76,43.17,19.32,20.16,23.69,27.49,6.30,0.00,0.02,0.00,1.06,7.06,,29.17,29.64
1980:Q1,23.72,35.54,31.91,42.85,44.04,32.52,16.02,23.47,29.97,20.43,15.76,16.23,54.49,7.15,20.55,41.32,20.00,20.58,24.75,28.30,7.33,0.00,0.02,0.00,1.13,7.46,,29.82,30.31
1980:Q2,24.52,36.35,32.76,43.45,44.10,33.16,16.51,24.26,30.93,21.16,16.33,17.14,56.84,7.43,21.40,41.00,20.65,21.32,25.27,28.63,6.67,0.00,0.02,0.00,1.20,7.87,,30.49,30.98
1980:Q3,25.12,37.12,33.68,44.11,44.38,33.84,17.02,25.00,31.86,21.94,17.07,18.10,57.48,7.77,22.20,40.93,21.35,22.17,25.81,29.50,6.51,0.00,0.03,0.00,1.27,8.29,,31.19,31.67
1980:Q4,25.83,37.84,35.08,44.81,44.95,34.55,17.56,25.71,32.73,22.61,18.03,19.10,57.75,8.15,22.88,41.10,22.10,23.12,25.97,30.53,7.16,0.00,0.04,0.00,1.34,8.72,,31.96,32.43
1981:Q1,26.42,38.47,36.59,45.70,45.80,35.00,18.11,26.11,33.77,23.43,19.39,20.33,59.13,8.81,23.71,42.10,23.13,24.41,26.21,31.15,7.33,0.00,0.05,0.00,1.41,9.11,,32.78,33.40
1981:Q2,27.25,39.09,37.59,46.43,46.44,35.91,18.69,26.86,35.24,23.61,20.33,21.33,60.79,9.20,24.56,42.52,23.90,25.44,26.53,31.60,7.45,0.00,0.06,0.00,1.49,9.58,,33.50,34.14
1981:Q3,27.97,39.67,38.36,47.15,46.86,36.98,19.30,27.68,36.43,24.01,21.00,22.29,60.92,9.54,25.66,42.96,24.65,26.45,27.16,32.70,7.52,0.00,0.08,0.00,1.57,10.06,,34.25,34.87
1981:Q4,28.86,40.19,39.47,47.85,47.13,38.20,19.94,28.58,37.32,24.96,21.45,23.19,62.23,9.85,27.11,43.41,25.35,27.45,27.99,33.11,8.15,0.00,0.10,0.00,1.66,10.57,,34.90,35.54
1982:Q1,29.56,40.54,40.76,48.71,47.24,40.57,20.71,29.74,38.94,25.43,21.61,23.88,62.65,10.00,28.62,44.17,25.96,28.87,28.43,33.51,8.89,0.00,0.12,0.00,1.75,11.13,,35.45,36.24
1982:Q2,30.49,41.02,41.13,49.31,47.37,41.70,21.35,30.71,40.29,26.18,21.93,24.78,63.24,10.28,29.99,44.51,26.61,29.64,28.64,33.93,8.37,0.00,0.14,0.00,1.84,11.68,,35.98,36.77
1982:Q3,30.98,41.51,41.83,49.82,47.53,42.58,21.98,31.67,40.91,26.23,22.31,25.72,64.33,10.57,31.30,44.73,27.27,30.21,29.30,34.54,8.62,0.00,0.17,0.00,1.93,12.26,,36.56,37.36
1982:Q4,31.66,41.99,41.14,50.25,47.65,43.22,22.60,32.62,40.96,26.84,22.68,26.72,65.12,10.87,32.27,44.84,27.91,30.58,30.02,34.95,8.88,0.00,0.20,0.00,2.02,12.85,,36.98,37.78
1983:Q1,32.23,42.51,41.41,50.31,47.73,42.68,23.25,33.71,42.64,27.03,23.01,27.92,64.97,11.16,33.25,44.30,28.48,29.87,30.91,35.49,9.92,0.00,0.23,0.00,2.09,13.31,,37.45,38.32
1983:Q2,32.42,43.00,41.70,50.68,47.96,43.21,23.81,34.61,43.20,28.30,23.40,28.91,66.28,11.49,33.96,44.39,29.14,30.22,31.93,35.98,9.59,0.00,0.29,0.00,2.19,14.00,,38.06,38.94
1983:Q3,33.81,43.50,44.70,51.08,48.32,43.88,24.34,35.43,43.81,28.19,23.84,29.86,66.85,11.83,34.65,44.58,29.80,30.76,32.18,36.89,9.84,0.00,0.37,0.00,2.29,14.75,,38.79,39.66
1983:Q4,34.31,44.00,44.28,51.51,48.84,44.67,24.83,36.20,44.60,28.66,24.35,30.76,66.89,12.18,35.03,44.87,30.47,31.49,32.88,37.83,10.27,0.00,0.50,0.00,2.40,15.58,,39.40,40.26
1984:Q1,34.92,44.47,44.20,52.01,49.51,46.36,25.12,36.73,45.32,29.46,24.94,31.54,68.17,12.64,35.49,45.46,31.24,32.61,33.61,38.82,10.61,0.00,0.71,0.00,2.51,16.63,,40.22,41.11
1984:Q2,35.46,44.99,45.99,52.49,50.09,47.11,25.60,37.45,45.51,29.51,25.45,32.41,68.48,12.99,35.89,45.87,31.90,33.59,34.21,39.72,11.61,0.00,1.07,0.00,2.63,17.55,,40.88,41.76
1984:Q3,35.71,45.54,46.67,52.99,50.57,47.70,26.10,38.19,46.47,30.67,25.91,33.31,68.35,13.33,36.17,46.29,32.54,34.66,35.00,40.44,11.74,0.00,1.68,0.00,2.75,18.48,,41.47,42.35
1984:Q4,36.33,46.10,47.37,53.50,50.99,48.11,26.63,38.94,46.70,31.75,26.35,34.23,71.07,13.65,36.62,46.73,33.18,35.85,35.83,40.91,11.45,0.00,2.64,0.00,2.89,19.42,,42.26,43.16
1985:Q1,36.98,46.67,47.95,54.06,51.35,47.55,27.02,39.82,47.39,32.00,26.79,35.34,70.53,13.76,36.96,47.33,33.63,37.14,36.82,41.20,12.79,0.00,3.99,0.00,2.99,20.48,,42.59,43.60
1985:Q2,37.45,47.27,50.22,54.60,51.74,47.96,27.65,40.56,48.27,32.52,27.17,36.22,70.93,14.13,37.49,47.75,34.28,38.50,37.65,42.26,12.43,0.00,5.59,0.00,3.15,21.41,,43.38,44.38
1985:Q3,38.10,47.90,50.37,55.14,52.18,48.51,28.37,41.28,49.78,33.02,27.52,37.04,72.46,14.56,38.18,48.13,34.98,39.94,38.29,42.36,12.79,0.00,7.25,0.00,3.35,22.31,,43.93,44.97
1985:Q4,39.04,48.55,50.91,55.68,52.65,49.22,29.17,41.96,50.34,33.71,27.79,37.81,73.37,15.05,38.85,48.48,35.71,41.53,38.95,43.00,13.35,0.00,8.80,0.00,3.56,23.19,,44.60,45.63
1986:Q1,39.70,49.56,51.51,56.17,53.16,50.83,30.36,42.34,50.72,34.32,27.96,38.31,73.34,15.70,39.66,48.84,36.63,42.97,39.54,43.68,14.02,0.00,10.09,0.01,3.82,23.93,,45.16,46.17
1986:Q2,40.14,50.12,52.33,56.76,53.64,51.54,31.20,43.08,51.23,35.99,28.24,39.05,73.52,16.27,40.41,49.09,37.39,44.80,40.39,44.06,13.84,0.00,11.17,0.01,4.07,24.80,,45.68,46.69
1986:Q3,40.60,50.57,52.39,57.37,54.10,52.10,31.99,43.91,51.63,35.60,28.60,39.79,73.16,16.85,40.72,49.28,38.14,46.79,41.67,44.41,14.92,0.00,12.14,0.01,4.33,25.69,,45.99,46.99
1986:Q4,41.28,50.90,52.81,58.02,54.54,52.51,32.74,44.80,52.18,36.03,29.04,40.55,73.06,17.45,40.93,49.40,38.85,48.93,42.44,44.56,15.29,0.00,13.07,0.01,4.60,26.60,,46.31,47.30
1987:Q1,41.59,50.62,54.19,58.69,54.93,52.07,33.29,46.10,52.23,35.86,29.57,41.27,73.23,18.01,40.93,49.26,39.51,52.18,43.28,45.15,17.01,0.00,14.04,0.01,4.85,27.62,,46.78,47.76
1987:Q2,42.47,50.91,54.13,59.41,55.41,52.46,34.02,47.02,53.45,36.99,30.03,42.09,74.23,18.66,41.11,49.34,40.19,54.18,44.01,44.98,16.86,0.00,15.03,0.01,5.16,28.53,,47.18,48.19
1987:Q3,43.31,51.28,56.33,60.17,55.98,52.98,34.77,47.89,53.84,37.76,30.45,42.94,74.74,19.35,41.29,49.44,40.86,55.92,44.29,46.10,16.76,0.00,16.02,0.02,5.50,29.42,,48.03,49.01
1987:Q4,43.64,51.73,56.52,60.97,56.61,53.62,35.54,48.71,54.28,38.42,30.80,43.85,75.20,20.08,41.81,49.56,41.54,57.46,44.73,47.05,18.33,0.00,16.98,0.02,5.86,30.29,,48.75,49.73
1988:Q1,44.75,52.16,56.61,61.80,57.32,54.72,36.25,48.84,54.87,39.52,31.05,44.78,76.90,20.98,42.32,49.28,42.21,58.28,45.18,48.08,18.80,0.00,17.91,0.02,6.28,30.92,,49.69,50.76
1988:Q2,45.76,52.80,58.58,62.67,58.04,55.49,37.09,49.81,55.84,40.70,31.46,45.77,77.98,21.73,43.14,49.61,42.88,59.50,46.10,49.05,19.23,0.00,18.83,0.03,6.67,31.83,,50.65,51.72
1988:Q3,46.54,53.57,60.70,63.58,58.77,56.25,37.98,50.98,56.65,41.51,32.01,46.80,79.29,22.45,44.04,50.13,43.55,60.61,47.02,50.04,21.59,0.00,19.79,0.05,7.07,32.81,,51.65,52.74
1988:Q4,48.16,54.45,62.25,64.52,59.50,57.01,38.91,52.35,57.92,42.29,32.69,47.88,78.98,23.16,45.32,50.84,44.22,61.64,48.25,50.91,21.56,0.00,20.82,0.09,7.47,33.86,,52.42,53.48
1989:Q1,49.68,55.61,63.24,65.50,60.22,58.06,39.83,54.71,58.65,43.47,33.64,49.12,81.45,23.57,46.73,52.03,44.87,62.67,49.41,51.91,21.62,0.01,21.96,0.29,7.75,34.67,,53.55,54.73
1989:Q2,50.91,56.67,65.10,66.51,61.08,58.70,40.89,56.16,59.15,44.84,34.34,50.23,82.24,24.35,48.04,53.00,45.56,63.56,50.12,52.32,22.15,0.01,23.17,0.54,8.23,35.97,,54.30,55.50
1989:Q3,51.47,57.80,64.17,67.55,62.05,59.21,42.02,57.49,60.92,46.86,34.90,51.32,83.17,25.22,49.51,54.04,46.27,64.33,51.45,52.86,24.71,0.02,24.41,0.94,8.76,37.47,,55.17,56.39
1989:Q4,53.38,59.00,64.88,68.64,63.17,59.60,43.23,58.68,62.12,47.22,35.36,52.41,85.68,26.16,50.76,55.14,46.99,64.88,52.16,53.61,24.83,0.04,25.65,1.50,9.35,39.14,,56.25,57.50
1990:Q1,54.36,60.54,66.56,69.87,64.42,59.33,44.77,59.45,63.39,49.41,35.67,53.35,86.56,27.01,52.26,57.14,47.71,65.42,53.77,54.39,24.98,0.06,26.85,2.12,9.99,41.51,,57.30,58.70
1990:Q2,54.79,61.74,64.64,70.97,65.58,59.70,46.03,60.53,63.56,49.82,36.05,54.48,88.25,28.20,53.62,58.04,48.45,65.85,56.06,55.17,25.17,0.09,28.10,2.95,10.70,43.36,,58.13,59.56
1990:Q3,55.15,62.88,66.40,72.05,66.65,60.16,47.26,61.59,64.82,51.39,36.46,55.67,90.12,29.55,55.22,58.67,49.19,66.17,57.33,55.75,27.71,0.11,29.48,3.86,11.48,45.19,,59.19,60.66
1990:Q4,55.87,63.97,67.35,73.12,67.66,60.72,48.47,62.64,64.71,53.05,36.87,56.92,92.60,31.07,57.22,59.04,49.94,66.32,59.44,55.89,29.14,0.14,31.07,4.76,12.31,46.99,,60.04,61.57
1991:Q1,55.42,64.94,67.94,74.44,68.59,61.74,49.82,64.18,65.43,54.34,37.26,58.67,93.70,33.47,58.95,58.06,50.68,66.79,62.68,56.23,28.55,0.11,32.92,4.41,13.33,49.01,,60.83,62.54
1991:Q2,55.71,65.94,66.87,75.36,71.10,62.34,50.90,65.04,66.12,54.59,37.65,59.85,94.36,35.00,60.53,58.34,51.45,66.66,64.76,56.85,29.83,0.14,34.92,5.28,14.23,50.69,,61.64,63.39
1991:Q3,56.01,66.90,68.01,76.15,70.45,62.89,51.90,65.70,66.58,57.01,38.02,60.92,96.18,36.38,61.81,58.80,52.21,66.46,65.91,57.31,29.73,0.18,36.93,6.53,15.14,52.26,,62.43,64.19
1991:Q4,56.21,67.82,68.48,76.83,72.89,63.39,52.81,66.18,67.24,57.62,38.33,61.87,96.61,37.63,62.37,59.43,52.99,66.12,67.00,58.02,31.33,0.24,38.83,8.32,16.06,53.71,,63.28,65.05
1992:Q1,56.88,68.82,67.77,77.24,74.17,64.03,53.44,66.42,68.24,58.76,38.49,62.82,98.51,38.42,63.03,61.20,53.84,65.02,67.49,59.38,33.23,0.32,40.50,13.14,16.77,55.20,,64.47,66.21
1992:Q2,57.22,69.63,68.98,77.73,74.67,64.35,54.25,66.53,69.51,59.69,38.87,63.48,96.52,39.52,63.46,61.79,54.64,64.57,67.89,60.20,33.53,0.49,42.00,16.55,17.79,56.37,,64.94,66.60
1992:Q3,57.82,70.37,70.89,78.17,75.31,64.54,55.04,66.50,70.03,60.50,39.39,63.95,96.46,40.61,64.28,62.18,55.41,64.43,68.63,60.68,33.34,0.83,43.34,19.99,18.90,57.38,,65.48,67.12
1992:Q4,58.00,71.03,69.64,78.55,77.56,64.61,55.82,66.30,70.29,61.02,40.10,64.23,97.62,41.69,65.72,62.37,56.19,64.37,69.78,61.19,35.11,1.53,44.51,23.13,20.10,58.22,,66.17,67.85
1993:Q1,58.30,71.34,69.96,78.75,76.34,63.85,56.81,65.72,70.35,61.43,41.17,63.51,97.37,42.31,66.92,61.42,57.22,64.89,68.94,61.63,36.64,5.14,45.57,23.68,21.48,58.53,,66.31,67.77
1993:Q2,58.78,71.97,72.74,79.06,77.40,63.94,57.47,65.27,70.87,63.62,41.85,63.76,98.21,43.55,68.23,61.56,57.87,65.04,68.78,62.10,36.63,9.13,46.62,25.99,22.82,59.19,,67.07,68.53
1993:Q3,58.75,72.63,70.42,79.36,77.75,64.19,58.03,64.76,70.73,64.45,42.27,64.18,98.49,44.95,68.65,61.87,58.40,65.35,69.39,62.25,36.14,14.39,47.77,28.23,24.21,59.84,,67.31,68.76
1993:Q4,59.40,73.32,69.83,79.64,79.09,64.59,58.48,64.17,70.58,65.19,42.38,64.75,97.67,46.52,68.48,62.34,58.82,65.66,68.68,62.87,35.11,20.10,49.13,30.35,25.64,60.47,,67.72,69.14
1994:Q1,60.45,73.71,70.95,79.75,79.51,65.03,58.01,62.10,70.97,64.93,41.98,65.68,97.66,48.84,68.56,63.33,58.63,66.01,69.06,63.36,36.87,19.82,50.73,31.85,27.14,60.90,,68.19,69.42
1994:Q2,61.50,74.62,71.36,80.08,78.64,65.78,58.60,61.91,71.03,65.17,42.17,66.49,101.51,50.48,68.59,63.99,59.04,66.49,68.95,64.20,38.22,23.83,52.51,33.72,28.66,61.58,,69.18,70.44
1994:Q3,61.78,75.70,71.16,80.45,80.05,66.74,59.40,62.21,71.72,66.61,42.73,67.38,99.10,52.05,69.53,64.68,59.54,67.21,70.45,64.87,39.76,27.82,54.27,35.53,30.21,62.31,,69.64,70.84
1994:Q4,62.48,76.96,71.76,80.88,80.98,67.89,60.43,63.01,72.42,66.63,43.64,68.35,99.40,53.54,71.62,65.40,60.14,68.05,71.93,65.92,42.72,31.55,55.83,37.24,31.81,63.10,,70.52,71.70
1995:Q1,63.04,79.72,71.95,81.69,80.75,70.30,62.56,66.26,72.65,68.30,45.07,69.58,100.13,54.60,73.60,66.18,61.10,69.50,72.28,66.71,41.26,33.06,57.11,38.55,33.51,64.04,,71.33,72.41
1995:Q2,63.53,80.80,72.33,82.08,81.81,71.42,63.69,67.23,73.52,68.93,46.09,70.65,100.53,56.09,75.50,66.92,61.80,70.48,72.55,67.14,42.51,36.07,58.91,40.13,35.15,64.91,,72.01,73.10
1995:Q3,64.53,81.53,72.12,82.40,82.03,72.33,64.69,67.87,74.11,70.39,46.89,71.72,99.98,57.65,76.95,67.67,62.51,71.43,72.35,67.85,44.99,38.97,60.17,41.70,36.82,65.80,,72.64,73.68
1995:Q4,65.41,81.90,72.43,82.63,82.07,73.01,65.56,68.22,74.70,70.93,47.51,72.80,99.39,59.29,77.36,68.42,63.23,72.37,72.72,68.35,45.08,41.72,61.88,43.24,38.49,66.71,,73.09,74.10
1996:Q1,66.22,80.77,72.70,81.89,82.95,72.97,66.22,66.79,74.94,72.79,47.83,74.30,98.88,61.59,77.58,68.97,63.81,73.30,72.88,69.22,44.03,44.05,63.77,44.74,40.18,67.72,,73.78,74.71
1996:Q2,67.11,80.89,72.70,82.31,82.74,73.40,66.88,67.08,75.69,73.69,48.49,75.23,99.53,63.13,78.03,69.81,64.56,74.22,73.34,70.14,47.54,46.35,66.04,46.22,41.89,68.63,,74.57,75.48
1996:Q3,67.73,81.11,72.78,83.01,82.97,73.81,67.46,67.64,75.78,75.00,49.35,75.99,100.11,64.48,78.48,70.73,65.39,75.14,72.55,70.79,48.15,48.38,68.29,47.65,43.60,69.54,,75.21,76.10
1996:Q4,68.58,81.44,73.39,83.97,82.95,74.20,67.95,68.48,75.81,73.78,50.33,76.57,100.98,65.65,79.26,71.73,66.25,76.11,71.76,71.41,50.00,50.12,70.33,49.03,45.33,70.43,,75.72,76.61
1997:Q1,69.24,82.01,74.21,86.39,83.09,74.23,67.87,70.43,76.14,75.23,51.35,76.77,100.77,66.74,80.45,73.11,67.02,77.65,72.09,72.05,52.35,50.42,71.89,50.25,46.91,71.12,,76.29,77.02
1997:Q2,69.93,82.49,74.32,87.43,83.79,74.70,68.39,71.44,76.21,76.69,52.56,77.12,100.89,67.56,81.46,74.16,68.04,78.34,72.97,72.69,52.82,51.86,73.25,51.56,48.72,72.06,,76.90,77.62
1997:Q3,70.27,83.02,76.14,88.27,84.16,75.27,69.01,72.39,77.95,77.76,53.92,77.39,101.83,68.21,82.63,75.18,69.17,78.88,73.71,73.56,52.40,53.38,74.75,52.85,50.61,73.07,,77.76,78.48
1997:Q4,70.41,83.60,76.64,88.91,84.81,75.95,69.74,73.24,78.53,76.86,55.50,77.59,102.01,68.70,83.90,76.17,70.38,79.24,74.05,74.67,53.50,54.99,76.01,54.12,52.57,74.13,,78.43,79.13
1998:Q1,70.22,84.37,76.81,88.59,84.70,77.64,70.56,73.73,78.49,77.24,57.42,77.27,102.25,68.33,85.42,77.19,72.35,78.10,74.12,76.09,54.65,56.81,77.70,55.23,55.20,75.43,,79.14,79.69
1998:Q2,70.62,84.99,77.06,89.14,84.50,78.18,71.51,74.21,79.66,77.96,59.10,77.51,101.26,68.74,86.51,78.09,73.51,78.48,74.30,77.10,55.76,58.57,79.36,56.49,57.06,76.49,,79.70,80.21
1998:Q3,71.42,85.58,78.88,89.97,85.59,78.46,72.55,75.23,80.47,77.81,60.64,77.86,100.77,69.23,87.21,78.92,74.49,79.28,75.58,77.89,55.81,60.38,81.16,57.77,58.75,77.60,,80.33,80.82
1998:Q4,71.34,86.17,80.02,90.74,86.25,78.49,73.71,76.19,80.36,78.95,62.08,78.33,101.57,69.81,87.50,79.69,75.32,80.32,76.64,78.44,56.23,62.25,82.62,59.07,60.28,78.72,,80.98,81.47
1999:Q1,72.02,86.35,80.09,91.99,86.66,77.12,75.28,77.28,80.52,78.40,63.42,79.07,100.51,70.63,87.63,80.00,75.30,81.05,77.38,79.14,57.64,64.26,84.02,60.29,61.01,79.87,,81.36,81.70
1999:Q2,73.81,84.19,81.21,92.81,87.16,78.40,76.00,76.98,81.04,82.00,64.97,79.81,100.84,71.33,87.64,81.72,76.10,82.59,78.71,79.43,59.20,66.20,84.89,61.69,62.48,80.45,,82.07,82.40
1999:Q3,74.51,85.24,82.08,93.56,87.62,79.50,76.80,78.51,81.43,81.65,66.56,81.45,100.55,72.12,87.70,82.94,77.01,84.14,79.06,80.19,59.53,68.15,85.89,62.89,64.03,80.99,,82.67,83.00
1999:Q4,75.58,86.29,82.76,94.28,88.60,80.03,77.93,80.32,83.17,83.85,68.23,81.48,100.13,72.89,88.14,85.72,78.03,85.51,80.32,81.48,60.68,70.12,86.77,64.11,65.68,81.82,,83.70,84.02
2000:Q1,76.46,87.26,83.54,94.83,89.27,80.04,78.76,82.07,83.91,84.18,69.99,81.42,99.69,73.74,87.89,86.97,80.03,86.66,81.72,82.42,63.03,72.91,87.39,65.47,67.97,82.21,,84.39,84.64
2000:Q2,76.93,88.95,84.62,95.49,89.45,81.42,79.98,81.70,85.14,84.78,71.76,83.08,99.41,74.46,87.83,85.71,80.83,86.25,82.36,83.54,64.85,74.58,88.23,67.31,69.57,83.21,,85.20,85.44
2000:Q3,80.26,90.29,86.19,96.43,89.62,81.67,80.99,81.63,85.84,86.38,73.61,84.77,98.42,75.38,87.73,87.14,81.65,85.56,83.97,84.92,66.12,75.90,89.26,69.00,71.04,83.96,,86.17,86.39
2000:Q4,80.27,91.35,88.10,97.09,89.49,82.70,82.21,80.38,89.09,87.56,75.25,86.81,98.27,76.41,87.04,88.73,82.33,84.87,85.54,85.71,67.10,76.84,89.91,70.69,72.39,84.90,,87.09,87.30
2001:Q1,81.36,92.54,89.86,98.52,92.94,83.74,83.13,81.37,88.73,89.03,77.01,87.93,98.61,77.82,86.40,92.73,81.15,84.39,87.66,86.82,69.27,75.69,90.66,73.18,73.45,85.52,,88.30,88.49
2001:Q2,82.81,94.01,87.76,98.86,92.88,85.55,84.61,86.21,89.13,88.42,78.66,87.97,98.19,78.91,85.97,93.80,81.69,85.29,89.42,86.90,70.17,76.53,91.75,74.94,74.61,86.68,,88.47,88.65
2001:Q3,84.54,93.88,89.80,98.80,93.15,85.67,85.51,86.52,90.62,88.80,80.19,88.11,98.10,80.20,86.28,95.97,82.78,86.31,90.87,88.65,69.50,77.69,92.63,77.03,75.70,87.52,,89.54,89.69
2001:Q4,86.48,94.27,90.41,98.52,93.94,86.42,86.52,86.72,91.35,89.21,81.65,88.52,97.85,81.55,87.30,96.28,84.33,87.27,91.90,86.93,71.94,79.16,93.31,78.76,76.74,88.54,,89.27,89.43
2002:Q1,86.45,94.49,91.47,96.90,92.69,87.91,86.93,88.51,91.88,90.51,83.04,90.13,97.68,83.41,88.71,95.56,87.01,88.04,92.49,88.97,75.00,82.24,93.75,80.97,77.41,89.11,,90.33,90.41
2002:Q2,84.99,94.74,91.29,96.43,92.42,89.80,88.20,86.66,92.37,91.26,84.21,91.43,97.75,84.71,89.72,96.60,87.93,87.81,93.60,90.12,77.10,83.92,93.80,82.53,78.46,90.21,,91.05,91.13
2002:Q3,85.63,93.95,92.49,96.00,93.76,90.21,88.76,88.75,92.68,90.82,85.37,91.32,97.73,85.99,89.90,96.75,89.01,87.51,94.13,90.42,78.49,85.44,94.14,83.71,79.58,90.83,,91.44,91.52
2002:Q4,86.34,94.40,93.11,95.74,94.35,91.50,89.92,91.13,94.91,91.66,86.53,92.26,97.66,87.15,89.27,97.52,90.12,87.27,94.80,91.12,79.93,86.78,94.46,85.65,80.76,91.41,,92.20,92.27
2003:Q1,87.47,94.66,94.28,95.49,95.83,92.52,90.69,92.00,93.64,92.37,87.74,93.34,97.20,87.72,88.59,96.25,90.98,87.22,95.13,91.18,80.38,87.24,94.49,87.61,81.71,91.82,,92.45,92.50
2003:Q2,88.44,95.67,93.50,95.47,95.21,93.26,92.03,92.36,94.08,92.75,89.07,94.21,97.22,88.87,88.10,96.53,91.98,88.32,95.59,92.03,81.70,88.48,94.16,88.68,83.15,92.94,,93.00,93.04
2003:Q3,89.47,95.14,93.54,95.59,96.20,92.87,92.73,93.12,94.91,93.65,90.23,94.96,97.42,90.23,88.42,98.55,93.10,89.79,96.03,93.90,83.00,89.80,94.41,89.54,84.77,93.78,,94.15,94.19
2003:Q4,91.12,95.06,94.42,95.86,95.95,92.98,93.81,94.48,95.60,95.10,91.51,95.42,97.76,91.70,89.60,97.40,94.24,91.45,96.10,94.30,84.04,91.23,94.75,91.08,86.57,94.44,,94.69,94.72
2004:Q1,92.78,95.04,95.53,96.43,97.65,94.11,94.58,95.34,96.44,95.45,92.79,96.66,98.05,94.10,91.13,98.02,95.05,93.15,96.14,95.42,89.05,93.21,95.10,92.58,88.95,94.99,,95.77,95.78
2004:Q2,95.17,96.26,97.64,96.92,97.50,95.76,95.89,97.18,97.63,96.74,94.06,97.81,98.30,95.56,92.59,99.65,96.08,94.78,95.84,96.78,91.30,94.66,95.62,93.56,90.93,96.05,,96.89,96.90
2004:Q3,95.59,97.90,98.16,97.44,97.74,96.82,96.44,97.75,98.33,97.60,95.29,98.55,98.67,96.84,94.42,97.49,97.04,96.29,97.40,97.57,92.25,96.02,96.44,95.04,92.93,96.92,,97.56,97.56
2004:Q4,97.21,98.64,98.70,98.08,98.90,97.80,97.48,99.04,98.79,98.18,96.71,98.58,98.94,97.97,96.23,98.28,98.00,97.64,98.02,99.22,94.84,97.30,97.14,96.15,94.93,97.79,,98.64,98.65
2005:Q1,98.45,98.83,97.94,98.74,98.90,99.54,98.12,97.98,98.56,98.73,98.11,98.93,99.37,98.56,98.02,99.45,98.59,98.73,98.33,98.17,96.76,98.18,98.09,97.53,96.48,98.44,,98.49,98.49
2005:Q2,99.94,98.83,99.86,99.53,99.62,100.07,99.76,100.03,99.49,99.59,99.37,99.00,99.85,99.56,99.42,99.90,99.77,99.64,99.25,99.41,98.77,99.38,99.37,99.45,98.70,99.58,,99.52,99.52
2005:Q3,100.65,100.41,100.43,100.38,100.04,99.61,100.51,100.86,100.46,100.52,100.61,100.05,100.18,100.51,100.86,101.57,100.45,100.41,100.37,100.53,101.61,100.60,100.63,101.23,101.11,100.53,,100.45,100.45
2005:Q4,100.96,101.93,101.77,101.36,101.44,100.78,101.61,101.12,101.49,101.17,101.91,102.02,100.60,101.37,101.69,99.07,101.19,101.22,102.05,101.89,102.86,101.84,101.91,101.79,103.71,101.45,,101.54,101.54
2006:Q1,102.18,103.22,104.39,102.54,101.74,102.67,102.42,102.49,101.60,102.32,103.10,102.25,101.02,102.07,102.77,101.91,100.82,101.97,103.08,104.06,103.79,103.01,103.53,102.61,106.93,102.04,,102.87,102.88
2006:Q2,103.58,104.34,104.36,103.65,102.57,104.54,103.98,101.73,103.17,102.90,104.43,102.55,101.78,103.08,103.49,103.81,101.28,103.35,103.98,105.05,105.78,104.32,105.18,103.88,109.73,103.37,,103.85,103.85
2006:Q3,106.57,103.83,106.79,105.05,103.17,103.18,104.35,104.03,105.23,104.50,105.65,104.23,102.23,104.18,104.60,104.15,101.73,105.00,105.54,105.62,109.47,105.71,106.43,104.70,112.54,104.01,,104.82,104.83
2006:Q4,108.73,105.77,108.46,106.25,105.15,103.39,105.17,105.30,106.68,104.83,107.10,105.44,102.95,105.40,105.81,106.41,102.23,106.87,107.89,106.39,113.06,107.15,108.09,108.04,115.37,104.84,,105.94,105.95
2007:Q1,110.63,107.96,110.30,108.08,104.65,103.51,105.50,106.99,107.18,107.02,107.12,106.42,103.42,106.91,106.78,106.47,103.63,108.78,110.16,107.75,116.10,108.80,109.75,111.06,118.89,105.56,,107.05,107.07
2007:Q2,112.93,107.65,109.95,109.12,104.82,105.07,106.80,108.23,108.52,107.25,108.04,107.57,103.53,108.32,110.59,107.38,104.35,111.53,111.38,108.89,119.18,110.28,110.84,113.25,121.84,106.79,,107.97,108.01
2007:Q3,114.30,108.90,110.13,110.06,105.52,104.85,106.88,109.55,109.32,109.01,109.26,106.77,103.88,109.71,110.57,108.91,105.27,114.09,111.80,109.35,122.32,111.69,111.55,113.75,124.19,107.47,,108.60,108.64
2007:Q4,116.38,110.00,111.69,110.71,107.00,107.55,107.99,110.40,110.84,108.96,109.98,107.30,104.01,111.05,115.43,110.19,105.92,116.44,113.15,110.25,125.82,113.11,112.94,116.04,125.83,108.23,,109.57,109.62
2008:Q1,118.56,112.01,113.71,110.98,107.60,107.65,108.29,111.73,111.99,108.69,110.57,108.32,104.12,113.00,116.28,109.97,107.12,118.09,115.46,111.69,126.05,115.22,114.81,116.41,128.00,108.80,,110.59,110.67
2008:Q2,120.23,112.76,115.22,111.32,109.52,107.73,109.59,114.32,112.06,111.26,110.78,109.09,103.98,114.27,115.85,111.55,108.05,118.51,118.23,114.80,130.43,116.38,116.37,121.56,129.89,109.76,,112.48,112.57
2008:Q3,122.44,113.34,117.09,111.45,109.41,106.09,109.43,114.94,111.49,110.76,111.13,107.61,103.83,115.37,118.47,112.56,109.25,118.47,118.23,113.45,135.22,117.29,117.41,125.25,131.61,110.47,,112.08,112.19
2008:Q4,126.92,114.04,116.57,111.55,107.57,105.87,110.17,115.70,111.57,111.88,110.94,105.68,103.55,116.27,121.31,111.26,110.15,118.51,118.05,112.57,136.59,117.98,119.88,125.79,132.44,110.94,,111.70,111.83
2009:Q1,127.33,113.72,116.00,110.97,107.86,107.62,109.96,114.79,108.60,110.38,110.48,105.33,103.35,116.01,117.60,107.81,111.26,118.80,119.24,111.68,134.93,117.94,121.28,125.36,134.30,110.67,,110.99,111.21
2009:Q2,129.00,112.33,115.89,111.06,108.51,108.55,110.75,117.09,108.91,113.64,109.67,104.25,103.33,116.95,117.19,111.96,112.45,120.41,120.59,112.61,135.56,118.17,124.15,123.67,136.05,111.44,,111.79,112.02
2009:Q3,128.00,112.33,117.70,111.36,108.88,109.23,110.26,119.10,109.29,112.98,108.95,103.87,103.19,118.11,118.36,109.85,114.16,122.31,122.27,111.72,137.83,118.37,126.26,121.79,137.59,112.37,,111.56,111.81
2009:Q4,129.15,112.39,119.24,111.64,108.55,112.58,110.82,119.60,109.70,113.28,107.97,103.78,103.33,119.49,118.31,113.00,115.34,124.20,123.47,112.43,139.00,118.40,128.21,120.50,138.98,112.96,,112.15,112.41
2010:Q1,130.69,112.27,121.69,112.50,109.69,113.83,110.66,121.54,110.65,113.21,107.01,103.36,103.39,121.50,118.70,113.14,116.15,125.90,123.72,113.42,140.80,118.05,130.38,125.57,140.29,112.53,,112.92,113.22
2010:Q2,132.06,112.60,120.05,112.50,111.08,116.04,111.34,121.27,111.43,114.36,106.51,103.33,103.19,123.01,119.17,110.43,117.27,126.90,125.00,115.24,144.26,117.99,131.98,123.45,142.47,112.71,,113.93,114.24
2010:Q3,134.44,113.42,121.60,112.85,112.46,117.07,110.81,122.39,112.34,114.40,105.43,103.59,102.99,124.47,121.56,113.98,118.79,127.81,127.48,115.79,147.72,117.86,132.85,121.98,144.82,113.16,,114.64,114.98
2010:Q4,137.41,114.09,123.56,112.70,113.63,118.81,111.28,124.01,112.71,114.33,104.61,104.74,102.93,125.87,121.17,112.93,119.97,129.20,129.95,116.68,149.46,117.70,133.89,121.18,147.02,113.18,,115.43,115.79
2011:Q1,139.83,114.32,124.03,112.90,114.06,120.55,110.96,125.95,113.37,112.97,103.96,105.42,103.16,127.42,121.21,115.48,120.97,132.00,131.10,118.77,152.71,117.58,136.26,123.59,151.67,112.37,,116.60,117.06
2011:Q2,141.20,115.57,124.16,112.63,115.23,121.75,111.44,127.04,113.76,115.17,103.92,105.83,103.75,128.62,121.65,116.83,122.33,132.53,132.40,119.47,156.47,117.57,139.15,126.99,154.77,112.28,,117.47,117.96
2011:Q3,142.89,116.13,125.03,112.72,116.23,120.30,110.52,127.88,113.78,115.94,103.11,105.84,103.62,129.93,123.49,114.40,123.75,134.19,133.50,120.39,159.61,117.59,142.60,125.57,157.86,111.97,,118.08,118.60
2011:Q4,144.31,116.88,127.18,112.69,116.98,120.81,110.18,129.01,114.13,115.91,102.97,105.97,102.99,131.21,124.24,115.63,124.95,136.56,134.25,120.77,163.37,117.61,144.55,126.19,161.07,112.40,,118.54,119.09
2012:Q1,144.44,117.14,128.03,113.56,118.55,122.63,109.23,128.98,114.84,118.57,103.00,104.60,103.37,131.84,122.92,118.17,126.16,138.33,136.10,122.42,165.64,117.70,145.34,123.28,164.10,111.71,,119.64,120.23
2012:Q2,145.55,118.65,128.48,113.57,117.64,123.51,109.22,131.65,115.59,120.41,103.22,103.69,103.19,133.03,124.48,116.14,127.47,141.20,138.94,123.27,168.35,117.77,146.91,121.27,166.97,111.18,,120.16,120.79
2012:Q3,144.87,119.20,129.95,113.97,117.86,122.80,108.34,132.90,115.51,119.62,102.97,102.14,103.64,134.43,125.93,116.39,128.86,141.50,139.89,122.35,170.86,117.76,148.97,123.20,169.71,111.02,,119.91,120.57
2012:Q4,146.17,119.33,130.75,114.17,118.35,123.42,108.48,133.17,114.28,120.26,102.91,101.60,104.26,135.89,127.22,116.99,130.21,140.78,141.32,126.14,174.12,117.75,150.53,123.53,172.66,112.04,,121.64,122.34
2013:Q1,147.67,119.79,133.26,115.45,118.23,124.68,108.28,134.85,114.35,120.25,103.33,102.37,104.61,137.59,127.07,117.01,131.64,140.13,141.89,121.24,177.23,117.84,152.14,123.67,174.59,111.95,,120.16,120.95
2013:Q2,148.56,119.77,133.90,115.41,119.46,125.78,108.99,134.97,114.82,123.77,103.83,102.46,105.17,138.96,130.01,117.04,133.17,137.37,141.33,121.96,178.61,117.80,154.02,121.56,177.44,111.12,,121.01,121.81
2013:Q3,149.93,120.30,134.44,115.56,120.37,125.30,108.61,135.76,114.73,126.33,104.01,103.56,105.60,140.36,133.08,118.16,134.52,138.92,143.00,122.59,180.75,117.82,156.26,124.19,180.14,111.61,,121.80,122.63
2013:Q4,151.97,120.07,135.85,115.69,119.90,127.62,109.42,135.46,114.50,127.23,104.21,103.49,105.72,141.66,133.24,119.72,135.89,143.09,144.49,122.91,182.18,117.79,158.15,125.18,182.69,112.62,,122.25,123.10
2014:Q1,153.50,120.90,136.45,116.23,120.91,128.79,109.23,135.13,115.68,127.27,104.73,103.59,106.36,142.07,133.23,121.45,137.49,144.55,145.25,124.65,185.03,116.91,159.76,124.57,184.09,112.23,,123.34,124.30
2014:Q2,155.11,120.95,137.12,116.04,121.83,128.60,110.54,136.61,116.06,128.31,105.40,103.48,106.60,143.55,132.32,120.94,138.85,147.66,146.33,126.50,187.32,117.06,161.12,124.99,186.91,112.84,,124.48,125.47
2014:Q3,155.88,121.04,139.14,115.85,122.94,126.75,110.57,138.55,116.64,127.93,106.20,104.05,106.95,145.31,134.89,121.01,140.10,147.46,147.28,127.73,189.51,117.53,162.84,126.12,190.37,113.53,,125.38,126.40
2014:Q4,156.96,121.55,139.49,115.64,123.20,129.40,112.11,139.62,116.46,129.25,106.94,104.04,107.27,147.38,133.62,122.31,141.61,145.96,148.45,129.06,191.69,118.24,163.98,126.54,194.32,114.77,,126.33,127.38
2015:Q1,157.54,122.23,142.43,115.45,123.56,132.60,112.24,139.34,116.96,131.07,107.73,104.37,108.09,151.28,127.87,122.16,143.00,144.64,149.48,129.70,194.88,120.50,164.66,127.38,199.57,115.13,,127.25,128.29
2015:Q2,158.61,122.88,143.48,115.19,125.02,133.38,114.15,139.95,117.38,134.36,108.87,105.03,108.84,153.20,128.03,123.94,144.56,145.00,151.53,130.45,197.26,121.85,165.32,128.72,202.89,115.86,,128.36,129.41
2015:Q3,158.84,122.69,144.56,115.07,125.76,130.38,114.08,141.27,117.97,137.48,109.62,105.62,109.54,154.71,128.55,125.78,145.74,146.70,152.39,131.18,200.54,123.11,166.22,130.53,206.11,116.93,,129.27,130.34
2015:Q4,158.22,123.46,144.63,115.06,125.79,131.68,115.52,142.18,118.49,137.31,110.63,106.42,110.09,155.86,128.81,124.87,147.04,147.21,153.70,131.49,202.01,124.45,166.46,129.47,209.55,118.36,,129.70,130.78
2016:Q1,158.40,125.07,140.75,116.08,125.59,134.86,115.91,143.28,119.15,136.61,111.65,106.71,110.53,155.40,126.65,125.54,148.05,149.38,156.52,132.18,203.18,126.07,167.25,133.04,210.19,119.26,,130.04,131.16
2016:Q2,159.24,125.71,143.22,115.98,127.30,136.58,117.63,142.65,119.42,137.19,113.26,107.03,110.85,156.25,127.99,126.64,149.73,150.59,156.69,132.43,206.83,127.57,168.53,134.55,213.06,119.64,,130.74,131.88
2016:Q3,159.93,127.54,144.52,115.95,127.65,135.80,117.56,142.86,120.60,137.10,114.19,107.55,111.22,157.28,129.28,127.70,150.49,151.52,157.03,133.29,210.20,129.08,169.72,138.06,216.31,121.09,,131.48,132.65
2016:Q4,160.55,127.38,146.15,115.89,128.12,138.83,118.82,145.26,120.88,136.57,115.49,107.95,111.90,158.51,131.12,129.23,151.94,153.63,156.89,134.41,213.08,130.60,170.41,138.01,220.01,122.55,,132.37,133.55
2017:Q1,161.16,129.58,146.57,115.78,130.73,140.74,119.13,146.55,122.07,136.41,116.66,108.78,112.24,159.84,130.48,128.72,152.92,156.38,157.12,136.75,215.71,131.78,170.75,139.56,223.04,122.98,,133.84,135.07
2017:Q2,161.36,131.78,148.95,115.71,130.93,141.81,121.10,146.65,122.64,140.38,118.42,109.44,112.34,161.31,132.11,128.85,154.27,157.02,162.27,138.23,219.62,133.47,171.34,141.53,225.62,124.33,,135.16,136.42
2017:Q3,161.96,132.04,151.56,115.77,131.70,140.30,121.13,147.32,123.24,141.21,119.56,110.23,113.07,162.86,134.32,129.95,155.59,158.66,162.18,139.37,222.84,135.31,172.64,145.25,229.44,125.62,,136.17,137.45
2017:Q4,164.03,132.56,152.85,116.02,132.96,142.85,122.42,148.57,124.32,141.93,120.94,110.86,113.61,164.53,135.45,131.46,157.05,161.41,163.22,140.75,225.47,137.32,173.80,147.61,232.43,127.20,,137.39,138.70
2018:Q1,165.30,133.43,152.82,117.02,136.49,144.52,122.49,150.75,124.95,144.33,122.51,112.42,113.87,166.83,134.54,133.01,158.24,162.59,165.53,142.67,225.94,139.86,175.79,149.36,235.00,128.07,,138.98,140.40
2018:Q2,166.30,133.82,152.29,117.32,136.86,145.83,124.40,150.51,126.11,143.97,123.84,113.47,114.26,168.62,136.24,135.12,159.76,164.93,165.11,144.42,228.93,142.07,178.09,151.41,236.66,129.04,,140.12,141.57
2018:Q3,167.34,135.56,152.76,117.58,136.92,144.54,124.30,151.72,127.14,145.17,124.96,113.75,115.19,170.12,137.48,136.85,160.78,167.56,167.98,146.08,230.88,144.32,181.39,155.67,239.65,130.59,,141.30,142.77
2018:Q4,169.11,138.58,155.10,117.90,138.57,146.63,125.71,155.37,128.93,147.58,126.47,114.21,116.18,171.55,138.92,138.01,162.22,169.68,169.40,147.67,232.67,146.60,183.67,159.71,243.61,132.24,,142.88,144.38
2019:Q1,170.27,139.00,155.46,118.44,139.35,148.48,125.82,155.27,129.99,147.19,128.00,113.96,116.68,172.44,139.17,139.48,163.78,171.18,170.63,149.89,232.46,149.96,185.80,160.65,248.26,132.64,,144.09,145.73
2019:Q2,170.96,140.78,158.15,118.93,140.80,150.08,126.64,158.02,130.13,150.20,128.40,115.19,117.14,173.80,140.55,141.80,165.66,173.42,173.89,150.29,236.00,151.91,188.10,164.38,248.10,133.93,,145.09,146.74
2019:Q3,173.44,140.70,159.43,119.47,141.27,148.54,127.02,159.09,131.55,150.70,130.52,114.96,118.12,175.36,142.94,141.77,166.09,175.45,173.92,151.36,237.72,153.43,190.42,165.35,250.04,134.88,,146.01,147.68
2019:Q4,174.56,141.94,161.37,119.80,140.46,150.61,128.46,157.47,132.69,151.73,133.48,114.56,119.33,177.09,145.28,144.97,167.39,177.44,173.26,152.48,239.16,154.54,191.62,161.38,250.25,135.66,,146.96,148.65
2020:Q1,177.52,142.43,163.50,121.92,143.13,151.50,127.45,158.76,131.15,149.17,135.10,112.91,120.98,179.25,146.15,145.70,168.98,179.81,171.84,154.12,240.20,152.50,192.66,166.05,241.49,135.25,,147.82,149.73
2020:Q2,182.15,140.93,179.29,122.24,139.92,152.37,125.94,157.27,128.32,146.65,133.47,111.31,123.03,181.23,147.46,144.09,170.99,181.21,170.15,168.33,203.18,153.84,194.56,162.54,241.50,136.34,,152.85,154.97
2020:Q3,186.23,144.09,172.36,122.73,143.41,149.68,127.65,159.54,133.88,151.18,137.12,113.74,122.06,183.06,148.92,147.41,172.17,183.99,173.64,163.44,234.63,155.85,196.37,168.12,244.93,137.04,,152.57,154.65
2020:Q4,185.80,145.68,170.73,122.32,144.45,149.38,129.55,160.97,136.44,151.51,139.37,114.31,120.52,184.78,149.21,150.23,173.81,186.96,176.77,160.70,239.02,158.56,197.68,174.86,249.71,138.10,,151.98,154.08
2021:Q1,187.66,146.80,177.47,121.16,145.35,150.84,129.69,162.14,135.22,153.72,140.14,116.26,120.07,185.57,149.06,150.50,176.51,193.75,179.81,181.82,241.50,161.75,199.12,174.06,264.78,139.39,,160.79,163.42
2021:Q2,188.24,148.63,176.59,121.39,147.32,154.09,130.81,163.90,136.27,154.27,141.83,118.21,119.71,187.64,149.39,154.69,177.99,196.85,181.80,170.09,244.80,166.09,200.53,181.73,270.47,140.67,,157.08,159.58
2021:Q3,192.86,151.11,178.22,122.11,146.71,155.59,132.32,165.47,138.68,154.83,145.32,119.27,120.20,190.30,150.35,155.63,180.07,199.74,183.36,169.89,244.83,171.40,202.98,186.59,276.66,142.62,,157.78,160.34
2021:Q4,193.07,151.96,176.34,122.90,149.40,161.20,133.83,166.55,141.08,155.64,146.81,120.75,121.16,193.29,152.43,156.50,182.11,203.41,186.52,169.94,251.99,177.75,204.66,193.85,281.42,144.49,,158.85,161.42
2022:Q1,194.59,153.62,182.48,126.47,151.55,165.26,134.23,167.94,139.21,158.55,148.33,122.58,121.80,198.67,155.75,159.17,183.29,203.52,190.27,167.86,253.71,192.16,206.83,196.13,284.69,145.99,,159.22,161.92
2022:Q2,194.91,158.80,183.68,127.47,153.70,166.78,136.73,170.35,140.24,160.87,150.15,124.81,121.62,201.71,156.79,164.32,184.14,207.06,192.19,169.96,254.22,198.35,210.27,204.93,286.51,148.42,,161.05,163.82
2022:Q3,196.12,162.11,184.92,128.45,157.39,166.59,137.30,171.88,144.83,163.36,151.03,126.67,122.41,204.48,161.04,169.88,185.80,210.05,194.82,173.13,259.20,202.75,214.08,204.72,293.20,150.21,,163.75,166.59
2022:Q4,194.11,165.66,189.43,128.79,158.29,170.78,138.87,174.66,149.42,170.01,153.08,129.43,123.00,206.62,165.08,174.49,187.16,212.19,197.77,175.51,263.39,205.25,218.24,209.33,297.44,152.47,,166.24,169.10
2023:Q1,193.53,169.83,189.13,128.89,160.20,174.36,139.70,179.09,150.76,172.52,155.45,131.31,123.20,206.95,168.75,180.40,187.97,213.49,199.26,180.96,266.53,213.71,222.28,218.14,302.21,152.17,,169.23,172.20
2023:Q2,193.34,173.02,190.14,129.12,164.14,172.88,141.61,183.82,152.89,178.16,157.78,131.57,122.93,208.62,172.03,181.52,189.51,216.55,201.13,183.20,268.29,214.39,226.85,224.52,305.47,153.12,,171.22,174.27
2023:Q3,193.02,174.95,192.91,129.30,164.57,170.36,140.49,184.07,154.34,178.94,158.99,132.36,123.11,210.55,175.28,183.94,190.76,218.78,203.70,184.21,271.34,215.06,231.09,227.34,311.11,153.38,,172.18,175.29
2023:Q4,194.64,176.10,193.82,129.50,164.72,169.60,139.42,183.70,155.77,180.81,159.64,133.42,123.40,212.25,176.82,183.31,191.90,220.53,205.24,185.52,274.32,215.74,234.00,225.99,315.20,153.40,,173.19,176.36